c81eacbb	K1 the refused run's event carries no reason	KILLED	restored=True	FAIL: test_a_refused_run_on_a_schoolless_course_has_no_school; FAIL: test_a_tracked_run_by_a_school_member_is_filed_under_their_school; FAIL: test_a_refused_run_records_one_event_with_the_reason; FAIL: test_a_refused_run_with_no_tracked_task_is_the_systems; FAIL: test_a_refused_run_survives_a_failed_school_lookup; FAIL: test_the_refused_run_is_filed_under_the_courses_school
c81eacbb	K2 the refused batch writes no event	KILLED	restored=True	ERROR: test_a_refused_batch_on_a_schoolless_course_has_no_school; ERROR: test_a_refused_batch_records_one_event_about_the_teacher; ERROR: test_a_refused_tracked_batch_names_its_requester; ERROR: test_the_refused_batch_is_filed_under_the_courses_school; FAIL: test_the_three_events_carry_ids_only; FAIL: test_each_refusal_writes_exactly_one_event; FAIL: test_a_refused_batch_survives_a_failed_requester_lookup; FAIL: test_a_tracked_batch_keeps_its_requester_when_only_the_school_fails
c81eacbb	K3 the refused auto-grade writes no event	KILLED	restored=True	ERROR: test_a_refused_auto_grade_records_one_system_event_about_the_teacher; ERROR: test_the_refused_auto_grade_is_filed_under_the_courses_school; FAIL: test_the_three_events_carry_ids_only; FAIL: test_the_refusal_is_counted_by_its_reason; FAIL: test_each_refusal_writes_exactly_one_event; FAIL: test_a_refused_auto_grade_survives_a_failed_school_lookup
c81eacbb	K4 the batch-level event targets the assignment, not the teacher	KILLED	restored=True	FAIL: test_a_refused_batch_on_a_schoolless_course_has_no_school; FAIL: test_a_refused_auto_grade_records_one_system_event_about_the_teacher; FAIL: test_a_refused_batch_records_one_event_about_the_teacher; FAIL: test_a_refused_tracked_batch_names_its_requester; FAIL: test_a_refused_batch_survives_a_failed_requester_lookup; FAIL: test_a_tracked_batch_keeps_its_requester_when_only_the_school_fails
c81eacbb	K5 the batch-level event is always the system's	KILLED	restored=True	FAIL: test_a_refused_tracked_batch_names_its_requester; FAIL: test_a_tracked_batch_keeps_its_requester_when_only_the_school_fails
c81eacbb	K6 the batch-level event carries no reason	KILLED	restored=True	FAIL: test_a_refused_batch_on_a_schoolless_course_has_no_school; FAIL: test_the_refusal_is_counted_by_its_reason; FAIL: test_a_refused_auto_grade_records_one_system_event_about_the_teacher; FAIL: test_a_refused_batch_records_one_event_about_the_teacher; FAIL: test_a_refused_tracked_batch_names_its_requester; FAIL: test_a_refused_auto_grade_survives_a_failed_school_lookup; FAIL: test_a_refused_batch_survives_a_failed_requester_lookup; FAIL: test_a_tracked_batch_keeps_its_requester_when_only_the_school_fails; FAIL: test_the_refused_auto_grade_is_filed_under_the_courses_school; FAIL: test_the_refused_batch_is_filed_under_the_courses_school
c81eacbb	K7 the batch-level event has no school	KILLED	restored=True	FAIL: test_a_refused_auto_grade_records_one_system_event_about_the_teacher; FAIL: test_a_refused_batch_records_one_event_about_the_teacher; FAIL: test_a_refused_auto_grade_survives_a_failed_school_lookup; FAIL: test_a_tracked_batch_keeps_its_requester_when_only_the_school_fails; FAIL: test_the_refused_auto_grade_is_filed_under_the_courses_school; FAIL: test_the_refused_batch_is_filed_under_the_courses_school
c81eacbb	K8 the batch-level event is a system fault, not the user's case	KILLED	restored=True	FAIL: test_a_refused_batch_on_a_schoolless_course_has_no_school; FAIL: test_a_refused_auto_grade_records_one_system_event_about_the_teacher; FAIL: test_a_refused_batch_records_one_event_about_the_teacher; FAIL: test_a_refused_tracked_batch_names_its_requester; FAIL: test_a_refused_auto_grade_survives_a_failed_school_lookup; FAIL: test_a_refused_batch_survives_a_failed_requester_lookup; FAIL: test_a_tracked_batch_keeps_its_requester_when_only_the_school_fails
c81eacbb	K9 the code is not listed as audit-only	KILLED	restored=True	FAIL: test_the_code_is_audit_only_and_the_refusal_stays_uncoded; FAIL: test_every_code_is_user_facing_or_audit_only_and_not_both
c81eacbb	K10 every batch writes the event, refused or not	KILLED	restored=True	ERROR: test_a_refused_batch_on_a_schoolless_course_has_no_school; ERROR: test_a_refused_batch_records_one_event_about_the_teacher; ERROR: test_a_refused_tracked_batch_names_its_requester; ERROR: test_a_refused_batch_survives_a_failed_requester_lookup; ERROR: test_a_tracked_batch_keeps_its_requester_when_only_the_school_fails; ERROR: test_the_refused_batch_is_filed_under_the_courses_school; FAIL: test_the_three_events_carry_ids_only; FAIL: test_a_members_runs_record_no_failure; FAIL: test_each_refusal_writes_exactly_one_event
c81eacbb	K11 the batch-level event drops the tracked task's id	KILLED	restored=True	FAIL: test_a_refused_tracked_batch_names_its_requester
c81eacbb	K12 the refused run's event keeps the actor's school (none, once removed)	KILLED	restored=True	FAIL: test_a_refused_run_survives_a_failed_school_lookup; FAIL: test_the_refused_run_is_filed_under_the_courses_school
c81eacbb	K13 every failed run borrows the course's school, not only the refusal	KILLED	restored=True	FAIL: test_a_failed_run_with_no_tracked_task_still_has_no_school
c81eacbb	K14 a failed requester lookup breaks the refused batch (no guard)	KILLED	restored=True	FAIL: test_a_refused_auto_grade_survives_a_failed_school_lookup; FAIL: test_a_refused_batch_survives_a_failed_requester_lookup; FAIL: test_a_tracked_batch_keeps_its_requester_when_only_the_school_fails
c81eacbb	K15 a failed school lookup breaks the refused run's failure handling (no guard)	KILLED	restored=True	FAIL: test_a_refused_run_survives_a_failed_school_lookup
c81eacbb	K16 the guard's log line carries the error's text	KILLED	restored=True	FAIL: test_a_refused_batch_survives_a_failed_requester_lookup
