3734461531ad	M1	an enrolment stores its anchor	KILLED	FAILED (failures=1)	True	14.6
3734461531ad	M2	the renewal task restarts the teacher's month	KILLED	FAILED (failures=1)	True	14.5
3734461531ad	M3	the offline renewal restarts the teacher's month	KILLED	FAILED (failures=2)	True	8.9
3734461531ad	M4	the chain is computed from the anchor, not the served due	KILLED	FAILED (failures=9)	True	13.2
3734461531ad	M5	the helper is fed the served due, not now	KILLED	FAILED (failures=4)	True	11.8
3734461531ad	M6	the fallback is the later of creation and the cycle start	KILLED	FAILED (failures=1)	True	14.8
3734461531ad	M7	a due time off the fallback's chain is its own anchor	KILLED	FAILED (failures=33)	True	17.7
3734461531ad	M8	the fallback's snap window covers a due time before its point	KILLED	FAILED (failures=1956)	True	18.4
3734461531ad	M9	the refresh stores the anchor it resolved	KILLED	FAILED (failures=2, errors=1)	True	8.4
3734461531ad	M10	a caught-up refresh logs a WARNING	KILLED	FAILED (failures=1)	True	8.8
3734461531ad	M11	a caught-up bucket lives from its grant time	KILLED	FAILED (failures=2)	True	14.8
3734461531ad	M12	a caught-up bucket ends by the contract end	KILLED	FAILED (failures=1)	True	10.9
3734461531ad	M13	a new admin allocation stores its anchor	KILLED	FAILED (failures=1)	True	26.4
3734461531ad	M14	a reactivated admin allocation restarts its month	KILLED	FAILED (failures=1)	True	24.1
3734461531ad	W1	H-93: the window is over after a month less the snap, not a full month	KILLED	FAILED (failures=6)	True	29.0
3734461531ad	W2	H-93: the window is not over within three weeks	KILLED	FAILED (failures=18)	True	18.9
3734461531ad	W3	H-93: the refresh uses the rule	KILLED	FAILED (failures=1)	True	18.7
3734461531ad	O1	H-81: the licence renewals log the owed refreshes	KILLED	FAILED (failures=3)	True	17.9
3734461531ad	O2	H-81: an early renewal's future refreshes are not owed	KILLED	FAILED (failures=1)	True	17.1
3734461531ad	O3	H-81: a due time within the snap of the end is not owed	KILLED	FAILED (failures=9)	True	17.1
3734461531ad	O4	H-81: every owed grant is counted	KILLED	FAILED (failures=313)	True	21.4
3734461531ad	O5	H-81: the renewal task reports	KILLED	FAILED (failures=1)	True	24.2
3734461531ad	O6	H-81: the offline renewal reports	KILLED	FAILED (failures=2)	True	20.3
3734461531ad	O7	H-81: the individual renewal logs the owed grants	KILLED	FAILED (failures=2)	True	17.8
3734461531ad	O8	H-81: the licence line names the allocation's user by id	KILLED	FAILED (failures=3)	True	12.0
