47bdc73e5fc7	R1	annual task: due tolerance	SURVIVED	OK	True	31.0
47bdc73e5fc7	R2	annual service: the run's now, not its own	SURVIVED	OK	True	6.6
47bdc73e5fc7	R3	annual task passes its start time	SURVIVED	OK	True	6.4
47bdc73e5fc7	R4	annual re-check: due tolerance	SURVIVED	OK	True	5.8
47bdc73e5fc7	R5	annual task: a due time capped at the cycle end is excluded	SURVIVED	OK	True	5.6
47bdc73e5fc7	R6	annual re-check: a due time capped at the cycle end is excluded	SURVIVED	OK	True	4.6
47bdc73e5fc7	R7	annual grant: bucket grace	KILLED	FAILED (failures=1)	True	6.0
47bdc73e5fc7	R8	activation: first month's bucket grace	KILLED	FAILED (failures=1)	True	6.2
47bdc73e5fc7	R9	licence task: due tolerance	SURVIVED	OK	True	6.3
47bdc73e5fc7	R10	licence re-check: due tolerance	SURVIVED	OK	True	6.0
47bdc73e5fc7	R11	licence task passes its start time	SURVIVED	OK	True	6.5
47bdc73e5fc7	R12	licence service: the run's now, not its own	SURVIVED	OK	True	4.5
47bdc73e5fc7	R13	licence refresh: bucket grace	KILLED	FAILED (failures=1)	True	4.1
47bdc73e5fc7	R14	cleanup keeps an owed bucket at all	KILLED	FAILED (failures=5)	True	6.4
47bdc73e5fc7	R15	cleanup keeps only the NEWEST monthly bucket	KILLED	FAILED (failures=1)	True	7.9
47bdc73e5fc7	R16	cleanup: only an ACTIVE subscription entitles	KILLED	FAILED (failures=1, errors=1)	True	6.7
47bdc73e5fc7	R17	cleanup: an active licence allocation entitles	KILLED	FAILED (failures=1)	True	6.3
47bdc73e5fc7	R18	cleanup: an overdue refresh is logged	KILLED	FAILED (failures=1)	True	5.1
