64b7c8beb9ba	R1	annual task: due tolerance	KILLED	FAILED (failures=2)	True	7.6
64b7c8beb9ba	R2	annual service: the run's now, not its own	KILLED	FAILED (failures=1)	True	5.8
64b7c8beb9ba	R3	annual task passes its start time	KILLED	FAILED (failures=1)	True	4.8
64b7c8beb9ba	R4	annual re-check: due tolerance	KILLED	FAILED (failures=2)	True	4.9
64b7c8beb9ba	R5	annual task: a due time capped at the cycle end is excluded	KILLED	FAILED (failures=1)	True	5.0
64b7c8beb9ba	R6	annual re-check: a due time capped at the cycle end is excluded	KILLED	FAILED (failures=1)	True	4.7
64b7c8beb9ba	R7	annual grant: bucket grace	KILLED	FAILED (failures=1)	True	5.3
64b7c8beb9ba	R8	activation: first month's bucket grace	KILLED	FAILED (failures=1)	True	5.2
64b7c8beb9ba	R9	licence task: due tolerance	KILLED	FAILED (failures=2)	True	5.1
64b7c8beb9ba	R10	licence re-check: due tolerance	KILLED	FAILED (failures=2)	True	5.2
64b7c8beb9ba	R11	licence task passes its start time	KILLED	FAILED (failures=1)	True	5.3
64b7c8beb9ba	R12	licence service: the run's now, not its own	KILLED	FAILED (failures=1)	True	4.7
64b7c8beb9ba	R13	licence refresh: bucket grace	KILLED	FAILED (failures=1)	True	4.2
64b7c8beb9ba	R14	cleanup keeps an owed bucket at all	KILLED	FAILED (failures=5)	True	5.2
64b7c8beb9ba	R15	cleanup keeps only the NEWEST monthly bucket	KILLED	FAILED (failures=1)	True	4.7
64b7c8beb9ba	R16	cleanup: only an ACTIVE subscription entitles	KILLED	FAILED (failures=1, errors=1)	True	5.4
64b7c8beb9ba	R17	cleanup: an active licence allocation entitles	KILLED	FAILED (failures=1)	True	5.2
64b7c8beb9ba	R19	immediate plan change: bucket grace	KILLED	FAILED (failures=1)	True	5.1
64b7c8beb9ba	R18	cleanup: an overdue refresh is logged	KILLED	FAILED (failures=1)	True	5.2
