8fd5dc9de325	S1	an address is replaced	KILLED	FAILED (failures=43)	True	13.1
8fd5dc9de325	S2	a URL's credentials are replaced, dotless hosts too	KILLED	FAILED (failures=9)	True	11.7
8fd5dc9de325	S3	the exception text is rendered and scrubbed when the record is made	KILLED	FAILED (failures=7, errors=1)	True	11.7
8fd5dc9de325	S4	a message that cannot be scrubbed fails closed (SM's D4)	KILLED	FAILED (failures=1)	True	12.0
8fd5dc9de325	S5	the wrapped factory makes the record	KILLED	FAILED (failures=2)	True	11.5
8fd5dc9de325	S6	a second install does not wrap again	KILLED	FAILED (failures=1)	True	11.8
8fd5dc9de325	S7	a second install still sets the switch	KILLED	FAILED (failures=4)	True	11.9
8fd5dc9de325	S8	a record whose class cannot be replaced fails closed	KILLED	FAILED (failures=1)	True	11.6
8fd5dc9de325	S9	exception text that cannot be rendered fails closed	KILLED	FAILED (failures=1)	True	12.0
8fd5dc9de325	S10	override_settings switches the scrubber	KILLED	FAILED (failures=4)	True	12.1
8fd5dc9de325	S11	the scrubber is off while tests run	KILLED	FAILED (failures=4)	True	11.6
8fd5dc9de325	S12	the AutoGrader package installs the factory	KILLED	FAILED (failures=26, errors=1)	True	11.4
8fd5dc9de325	S13	a record made before settings are configured is scrubbed	KILLED	FAILED (failures=2)	True	12.0
8fd5dc9de325	S14	a switched-off scrubber leaves the text alone	KILLED	FAILED (failures=2)	True	11.6
8fd5dc9de325	S16	settings.py imports nothing from the project	KILLED	FAILED (failures=3)	True	11.5
8fd5dc9de325	S17	the switch is read from settings once they are configured	KILLED	FAILED (failures=1)	True	11.7
8fd5dc9de325	S15	text that only looks like an address is left alone	KILLED	FAILED (failures=3)	True	11.8
8fd5dc9de325	S24	a version number after an @ is not an address (the last label starts with a letter)	KILLED	FAILED (failures=1)	True	11.7
8fd5dc9de325	Y1	Sentry: the exception values are scrubbed	KILLED	FAILED (failures=4)	True	12.0
8fd5dc9de325	Y2	Sentry: a part that cannot be scrubbed fails closed	KILLED	FAILED (failures=2)	True	12.4
8fd5dc9de325	Y3	Sentry: the user context is left alone	KILLED	FAILED (failures=1)	True	12.4
8fd5dc9de325	Y4	Sentry: an argument that is not text yet is scrubbed	KILLED	FAILED (failures=3)	True	12.5
8fd5dc9de325	Y5	Sentry: a breadcrumb's data is scrubbed	KILLED	FAILED (failures=1)	True	12.1
8fd5dc9de325	Y6	Sentry: a log item's attributes are scrubbed	KILLED	FAILED (failures=1)	True	13.1
8fd5dc9de325	Y7	Sentry: settings pass before_send	KILLED	FAILED (failures=1)	True	12.9
8fd5dc9de325	Y8	Sentry: settings pass before_send_log	KILLED	FAILED (failures=1)	True	11.9
8fd5dc9de325	Y9	Sentry: a failure to import the hooks is not swallowed	KILLED	FAILED (failures=1)	True	12.3
8fd5dc9de325	S18	P1: an apostrophe and the other special characters of a local part	KILLED	FAILED (failures=6)	True	12.7
8fd5dc9de325	S19	P1: a local part in letters that are not ASCII	KILLED	FAILED (failures=1)	True	12.9
8fd5dc9de325	S20	P1: the scrubber stops at / = ? & (key=value and URLs stay readable)	KILLED	FAILED (failures=8)	True	12.6
8fd5dc9de325	S21	P1: a domain in letters that are not ASCII	KILLED	FAILED (failures=2)	True	12.5
8fd5dc9de325	S22	P1: a last label that is punycode or not ASCII	KILLED	FAILED (failures=2)	True	13.0
8fd5dc9de325	S23	P2: the userinfo runs to the last "@" before the host	KILLED	FAILED (failures=3)	True	12.2
8fd5dc9de325	Y10	Sentry: an event's threads are scrubbed	KILLED	FAILED (failures=1)	True	11.1
8fd5dc9de325	Y11	P3: a transaction's spans are scrubbed	KILLED	FAILED (failures=1)	True	11.3
8fd5dc9de325	Y12	P3: settings pass before_send_transaction	KILLED	FAILED (failures=1)	True	11.3
